UMLClass,UMLEntity,UMLDescription,ConceptName,ConceptPreferredName,Classification,ConceptCode,ConceptDefinition,ConceptDefinitionSource,ModifiedDate,HumanVerified
Logical View.Data Model.Logical Model.gov.nih.nci.cagrid.evs.service.EVSDescLogicConceptSearchParams,Logical View.Data Model.Logical Model.gov.nih.nci.cagrid.evs.service.EVSDescLogicConceptSearchParams,This class will contain the input parameters used by caCORE EVS API to retrieve Description Logic Concept data,Programming Parameter,Programming Parameter,ObjectClass,C48913,A value that is passed to a routine.,NCI,,1
Logical View.Data Model.Logical Model.gov.nih.nci.cagrid.evs.service.EVSDescLogicConceptSearchParams,Logical View.Data Model.Logical Model.gov.nih.nci.cagrid.evs.service.EVSDescLogicConceptSearchParams,This class will contain the input parameters used by caCORE EVS API to retrieve Description Logic Concept data,Search,Search,ObjectClassQualifier1,C54117,The activity of looking thoroughly in order to find something or someone; an operation that determines whether one or more of a set of items has a specified property.,NCI,,1
Logical View.Data Model.Logical Model.gov.nih.nci.cagrid.evs.service.EVSDescLogicConceptSearchParams,Logical View.Data Model.Logical Model.gov.nih.nci.cagrid.evs.service.EVSDescLogicConceptSearchParams,This class will contain the input parameters used by caCORE EVS API to retrieve Description Logic Concept data,Description Logic Concept,Description Logic Concept,ObjectClassQualifier2,C42717,A terminology concept modeled in a structured and formally well-understood way using logic-based semantics which can be given by a translation into first-order predicate logic.,NCI,,1
Logical View.Data Model.Logical Model.gov.nih.nci.cagrid.evs.service.EVSDescLogicConceptSearchParams,Logical View.Data Model.Logical Model.gov.nih.nci.cagrid.evs.service.EVSDescLogicConceptSearchParams,This class will contain the input parameters used by caCORE EVS API to retrieve Description Logic Concept data,NCI Enterprise Vocabulary Services,NCI Enterprise Vocabulary Services,ObjectClassQualifier3,C43515,"The NCI EVS is set of services and resources that address NCI's needs for controlled vocabulary. The EVS Project is a collaborative effort of the Center for Bioinformatics and the NCI Office of Communications. The NCI Thesaurus, which is a biomedical thesaurus created specifically to meet the needs of the NCI, is produced by the NCI EVS project. The NCI Thesaurus is provided under an open content license.  The EVS Project also produces the NCI Metathesaurus, which is based on NLM's Unified Medical Language System Metathesaurus supplemented with additional cancer-centric vocabulary. In addition the EVS Project provides NCI with licenses for MedDRA, SNOMED, ICD-O-3, and other proprietary vocabularies.",NCI,,1
Logical View.Data Model.Logical Model.gov.nih.nci.cagrid.evs.service.EVSDescLogicConceptSearchParams,vocabularyName,"This attribute contains a valid Description Logic vocabulary name such as ""NCI_Thesaurus"", ""GO"", etc",Name,Name,Property,C42614,The words or language units by which a thing is known.,NCI,,1
Logical View.Data Model.Logical Model.gov.nih.nci.cagrid.evs.service.EVSDescLogicConceptSearchParams,vocabularyName,"This attribute contains a valid Description Logic vocabulary name such as ""NCI_Thesaurus"", ""GO"", etc",Vocabulary,Vocabulary,PropertyQualifier1,C43528,A listing of the words used in some enterprise.,NCI,,1
Logical View.Data Model.Logical Model.gov.nih.nci.cagrid.evs.service.EVSDescLogicConceptSearchParams,searchTerm,This attribute contains any string search term,Term,Term,Property,C45559,A word or expression used for some particular thing.,NCI,,1
Logical View.Data Model.Logical Model.gov.nih.nci.cagrid.evs.service.EVSDescLogicConceptSearchParams,searchTerm,This attribute contains any string search term,Search,Search,PropertyQualifier1,C54117,The activity of looking thoroughly in order to find something or someone; an operation that determines whether one or more of a set of items has a specified property.,NCI,,1
Logical View.Data Model.Logical Model.gov.nih.nci.cagrid.evs.service.EVSDescLogicConceptSearchParams,limit,This attribute contains value of the maximum number of results to be returned,Number,Number,Property,C25337,"A numeral or string of numerals expressing value, quantity, or identification.",NCI,,1
Logical View.Data Model.Logical Model.gov.nih.nci.cagrid.evs.service.EVSDescLogicConceptSearchParams,limit,This attribute contains value of the maximum number of results to be returned,Maximum,Maximum,PropertyQualifier1,C25564,The largest possible quantity or degree.,NCI,,1
Logical View.Data Model.Logical Model.gov.nih.nci.cagrid.evs.service.EVSDescLogicConceptSearchParams,limit,This attribute contains value of the maximum number of results to be returned,Hit,Hit,PropertyQualifier2,C54115,A positive return on a search in a database or by way of a search engine on the Internet; the request for and delivery of a file (such as a Web page) on a server.,NCI,,1
Logical View.Data Model.Logical Model.gov.nih.nci.cagrid.evs.service.EVSMetaThesaurusSearchParams,Logical View.Data Model.Logical Model.gov.nih.nci.cagrid.evs.service.EVSMetaThesaurusSearchParams,This class will contain the input parameters used by caCORE EVS API to retrieve Meta Thesaurus Concepts,Programming Parameter,Programming Parameter,ObjectClass,C48913,A value that is passed to a routine.,NCI,,1
Logical View.Data Model.Logical Model.gov.nih.nci.cagrid.evs.service.EVSMetaThesaurusSearchParams,Logical View.Data Model.Logical Model.gov.nih.nci.cagrid.evs.service.EVSMetaThesaurusSearchParams,This class will contain the input parameters used by caCORE EVS API to retrieve Meta Thesaurus Concepts,Search,Search,ObjectClassQualifier1,C54117,The activity of looking thoroughly in order to find something or someone; an operation that determines whether one or more of a set of items has a specified property.,NCI,,1
Logical View.Data Model.Logical Model.gov.nih.nci.cagrid.evs.service.EVSMetaThesaurusSearchParams,Logical View.Data Model.Logical Model.gov.nih.nci.cagrid.evs.service.EVSMetaThesaurusSearchParams,This class will contain the input parameters used by caCORE EVS API to retrieve Meta Thesaurus Concepts,Meta Thesaurus Concept,Meta Thesaurus Concept,ObjectClassQualifier2,C42695,A terminology concept as represented in the NCI Enterprise Vocabulary Services' Metathesaurus.,NCI,,1
Logical View.Data Model.Logical Model.gov.nih.nci.cagrid.evs.service.EVSMetaThesaurusSearchParams,Logical View.Data Model.Logical Model.gov.nih.nci.cagrid.evs.service.EVSMetaThesaurusSearchParams,This class will contain the input parameters used by caCORE EVS API to retrieve Meta Thesaurus Concepts,NCI Enterprise Vocabulary Services,NCI Enterprise Vocabulary Services,ObjectClassQualifier3,C43515,"The NCI EVS is set of services and resources that address NCI's needs for controlled vocabulary. The EVS Project is a collaborative effort of the Center for Bioinformatics and the NCI Office of Communications. The NCI Thesaurus, which is a biomedical thesaurus created specifically to meet the needs of the NCI, is produced by the NCI EVS project. The NCI Thesaurus is provided under an open content license.  The EVS Project also produces the NCI Metathesaurus, which is based on NLM's Unified Medical Language System Metathesaurus supplemented with additional cancer-centric vocabulary. In addition the EVS Project provides NCI with licenses for MedDRA, SNOMED, ICD-O-3, and other proprietary vocabularies.",NCI,,1
Logical View.Data Model.Logical Model.gov.nih.nci.cagrid.evs.service.EVSMetaThesaurusSearchParams,searchTerm,This attriibute will contain any string representing a valid concept unique identifier in Meta Thesaurus,Term,Term,Property,C45559,A word or expression used for some particular thing.,NCI,,1
Logical View.Data Model.Logical Model.gov.nih.nci.cagrid.evs.service.EVSMetaThesaurusSearchParams,searchTerm,This attriibute will contain any string representing a valid concept unique identifier in Meta Thesaurus,Search,Search,PropertyQualifier1,C54117,The activity of looking thoroughly in order to find something or someone; an operation that determines whether one or more of a set of items has a specified property.,NCI,,1
Logical View.Data Model.Logical Model.gov.nih.nci.cagrid.evs.service.EVSMetaThesaurusSearchParams,limit,This attribute contains the maximum number of results to be returned,Number,Number,Property,C25337,"A numeral or string of numerals expressing value, quantity, or identification.",NCI,,1
Logical View.Data Model.Logical Model.gov.nih.nci.cagrid.evs.service.EVSMetaThesaurusSearchParams,limit,This attribute contains the maximum number of results to be returned,Maximum,Maximum,PropertyQualifier1,C25564,The largest possible quantity or degree.,NCI,,1
Logical View.Data Model.Logical Model.gov.nih.nci.cagrid.evs.service.EVSMetaThesaurusSearchParams,limit,This attribute contains the maximum number of results to be returned,Hit,Hit,PropertyQualifier2,C54115,A positive return on a search in a database or by way of a search engine on the Internet; the request for and delivery of a file (such as a Web page) on a server.,NCI,,1
Logical View.Data Model.Logical Model.gov.nih.nci.cagrid.evs.service.EVSMetaThesaurusSearchParams,source,This attribute contains valid abbreviation of Meta Thesaurus Source,Abbreviation,Abbreviation,Property,C42610,A shortened form of a word or phrase.,NCI,,1
Logical View.Data Model.Logical Model.gov.nih.nci.cagrid.evs.service.EVSMetaThesaurusSearchParams,source,This attribute contains valid abbreviation of Meta Thesaurus Source,Term Source,Term Source,PropertyQualifier1,C43822,An indicator of the particular group or agency that supplied a specific term.,NCI,,1
Logical View.Data Model.Logical Model.gov.nih.nci.cagrid.evs.service.EVSMetaThesaurusSearchParams,cui,This attriburte is a boolean and set to true if a concept unique identifier is used as a search term for searching Meta Thesaurus,Boolean,Boolean,Property,C45254,"The type of an expression with two possible values, ""true"" and ""false"". Also, a variable of Boolean type or a function with Boolean arguments or result. The most common Boolean functions are AND, OR and NOT.",NCI,,1
Logical View.Data Model.Logical Model.gov.nih.nci.cagrid.evs.service.EVSMetaThesaurusSearchParams,cui,This attriburte is a boolean and set to true if a concept unique identifier is used as a search term for searching Meta Thesaurus,NCI Metathesaurus Code,NCI Metathesaurus Code,PropertyQualifier1,C45972,A concept unique identifier within the NCI Enterprise Vocabulary Service's NCI Metathesaurus.,NCI,,1
Logical View.Data Model.Logical Model.gov.nih.nci.cagrid.evs.service.EVSMetaThesaurusSearchParams,shortResponse,This attribute is a boolean and set to true for short response from Meta Thesaurus,Boolean,Boolean,Property,C45254,"The type of an expression with two possible values, ""true"" and ""false"". Also, a variable of Boolean type or a function with Boolean arguments or result. The most common Boolean functions are AND, OR and NOT.",NCI,,1
Logical View.Data Model.Logical Model.gov.nih.nci.cagrid.evs.service.EVSMetaThesaurusSearchParams,shortResponse,This attribute is a boolean and set to true for short response from Meta Thesaurus,Answer,Answer,PropertyQualifier1,C49149,A statement (either spoken or written) that is made in reply to a question or request or criticism or accusation; a statement that solves a problem or explains how to solve the problem.,NCI,,1
Logical View.Data Model.Logical Model.gov.nih.nci.cagrid.evs.service.EVSMetaThesaurusSearchParams,shortResponse,This attribute is a boolean and set to true for short response from Meta Thesaurus,Short,Short,PropertyQualifier2,C25249,Having little (physical) length or seeming to be limited in (temporal) duration.,NCI,,1
Logical View.Data Model.Logical Model.gov.nih.nci.cagrid.evs.service.EVSMetaThesaurusSearchParams,score,This attribute is a boolean value and set to true to obtain score from Meta Thesaurus,Boolean,Boolean,Property,C45254,"The type of an expression with two possible values, ""true"" and ""false"". Also, a variable of Boolean type or a function with Boolean arguments or result. The most common Boolean functions are AND, OR and NOT.",NCI,,1
Logical View.Data Model.Logical Model.gov.nih.nci.cagrid.evs.service.EVSMetaThesaurusSearchParams,score,This attribute is a boolean value and set to true to obtain score from Meta Thesaurus,Score,Score,PropertyQualifier1,C25338,"A number or range of numeric values measuring performance, function, quality, or ability.",NCI,,1
Logical View.Data Model.Logical Model.gov.nih.nci.cagrid.evs.service.EVSMetaThesaurusSearchParams,score,This attribute is a boolean value and set to true to obtain score from Meta Thesaurus,Sorting,Sorting,PropertyQualifier2,C62803,An operation that segregates items into groups according to a specified criterion.,NCI,,1
Logical View.Data Model.Logical Model.gov.nih.nci.cagrid.evs.service.EVSHistoryRecordsSearchParams,Logical View.Data Model.Logical Model.gov.nih.nci.cagrid.evs.service.EVSHistoryRecordsSearchParams,This class will contain the input parameters used by caCORE EVS API to retrieve History data,Programming Parameter,Programming Parameter,ObjectClass,C48913,A value that is passed to a routine.,NCI,,1
Logical View.Data Model.Logical Model.gov.nih.nci.cagrid.evs.service.EVSHistoryRecordsSearchParams,Logical View.Data Model.Logical Model.gov.nih.nci.cagrid.evs.service.EVSHistoryRecordsSearchParams,This class will contain the input parameters used by caCORE EVS API to retrieve History data,Search,Search,ObjectClassQualifier1,C54117,The activity of looking thoroughly in order to find something or someone; an operation that determines whether one or more of a set of items has a specified property.,NCI,,1
Logical View.Data Model.Logical Model.gov.nih.nci.cagrid.evs.service.EVSHistoryRecordsSearchParams,Logical View.Data Model.Logical Model.gov.nih.nci.cagrid.evs.service.EVSHistoryRecordsSearchParams,This class will contain the input parameters used by caCORE EVS API to retrieve History data,Record,Record,ObjectClassQualifier2,C25198,"Anything (e.g., a document) providing permanent evidence of or information about past events.",NCI,,1
Logical View.Data Model.Logical Model.gov.nih.nci.cagrid.evs.service.EVSHistoryRecordsSearchParams,Logical View.Data Model.Logical Model.gov.nih.nci.cagrid.evs.service.EVSHistoryRecordsSearchParams,This class will contain the input parameters used by caCORE EVS API to retrieve History data,Concept History,Concept History,ObjectClassQualifier3,C42687,"The tracking of concept evolution over the lifetime of a vocabulary, includes concept creation, modification, merges, splits, and retirements.",NCI,,1
Logical View.Data Model.Logical Model.gov.nih.nci.cagrid.evs.service.EVSHistoryRecordsSearchParams,Logical View.Data Model.Logical Model.gov.nih.nci.cagrid.evs.service.EVSHistoryRecordsSearchParams,This class will contain the input parameters used by caCORE EVS API to retrieve History data,NCI Enterprise Vocabulary Services,NCI Enterprise Vocabulary Services,ObjectClassQualifier4,C43515,"The NCI EVS is set of services and resources that address NCI's needs for controlled vocabulary. The EVS Project is a collaborative effort of the Center for Bioinformatics and the NCI Office of Communications. The NCI Thesaurus, which is a biomedical thesaurus created specifically to meet the needs of the NCI, is produced by the NCI EVS project. The NCI Thesaurus is provided under an open content license.  The EVS Project also produces the NCI Metathesaurus, which is based on NLM's Unified Medical Language System Metathesaurus supplemented with additional cancer-centric vocabulary. In addition the EVS Project provides NCI with licenses for MedDRA, SNOMED, ICD-O-3, and other proprietary vocabularies.",NCI,,1
Logical View.Data Model.Logical Model.gov.nih.nci.cagrid.evs.service.EVSHistoryRecordsSearchParams,vocabularyName,"This attribute contains a valid Description Logic vocabulary name such as ""NCI_Thesaurus"", ""GO"", etc",Name,Name,Property,C42614,The words or language units by which a thing is known.,NCI,,1
Logical View.Data Model.Logical Model.gov.nih.nci.cagrid.evs.service.EVSHistoryRecordsSearchParams,vocabularyName,"This attribute contains a valid Description Logic vocabulary name such as ""NCI_Thesaurus"", ""GO"", etc",Vocabulary,Vocabulary,PropertyQualifier1,C43528,A listing of the words used in some enterprise.,NCI,,1
Logical View.Data Model.Logical Model.gov.nih.nci.cagrid.evs.service.EVSHistoryRecordsSearchParams,conceptCode,This attribute contains a valid code of a Description Logic concept,NCI Concept Code,NCI Concept Code,Property,C43516,A concept unique identifier within the NCI Enterprise Vocabulary Service's NCI Thesaurus.,NCI,,1
Logical View.Data Model.Logical Model.gov.nih.nci.cagrid.evs.service.EVSSourceSearchParams,Logical View.Data Model.Logical Model.gov.nih.nci.cagrid.evs.service.EVSSourceSearchParams,This class will contain the input parameters used by caCORE EVS API to retrieve Meta Thesaurus Concepts.,Programming Parameter,Programming Parameter,ObjectClass,C48913,A value that is passed to a routine.,NCI,,1
Logical View.Data Model.Logical Model.gov.nih.nci.cagrid.evs.service.EVSSourceSearchParams,Logical View.Data Model.Logical Model.gov.nih.nci.cagrid.evs.service.EVSSourceSearchParams,This class will contain the input parameters used by caCORE EVS API to retrieve Meta Thesaurus Concepts.,Search,Search,ObjectClassQualifier1,C54117,The activity of looking thoroughly in order to find something or someone; an operation that determines whether one or more of a set of items has a specified property.,NCI,,1
Logical View.Data Model.Logical Model.gov.nih.nci.cagrid.evs.service.EVSSourceSearchParams,Logical View.Data Model.Logical Model.gov.nih.nci.cagrid.evs.service.EVSSourceSearchParams,This class will contain the input parameters used by caCORE EVS API to retrieve Meta Thesaurus Concepts.,Source,Source,ObjectClassQualifier2,C25683,Where something is available or from where it originates.,NCI,,1
Logical View.Data Model.Logical Model.gov.nih.nci.cagrid.evs.service.EVSSourceSearchParams,Logical View.Data Model.Logical Model.gov.nih.nci.cagrid.evs.service.EVSSourceSearchParams,This class will contain the input parameters used by caCORE EVS API to retrieve Meta Thesaurus Concepts.,NCI Enterprise Vocabulary Services,NCI Enterprise Vocabulary Services,ObjectClassQualifier3,C43515,"The NCI EVS is set of services and resources that address NCI's needs for controlled vocabulary. The EVS Project is a collaborative effort of the Center for Bioinformatics and the NCI Office of Communications. The NCI Thesaurus, which is a biomedical thesaurus created specifically to meet the needs of the NCI, is produced by the NCI EVS project. The NCI Thesaurus is provided under an open content license.  The EVS Project also produces the NCI Metathesaurus, which is based on NLM's Unified Medical Language System Metathesaurus supplemented with additional cancer-centric vocabulary. In addition the EVS Project provides NCI with licenses for MedDRA, SNOMED, ICD-O-3, and other proprietary vocabularies.",NCI,,1
Logical View.Data Model.Logical Model.gov.nih.nci.cagrid.evs.service.EVSSourceSearchParams,code,This attribute represents a valid Atom code in the Meta Thesaurus,Code,Code,Property,C25162,"A system, often of numbered categories, for representation of data.",NCI,,1
Logical View.Data Model.Logical Model.gov.nih.nci.cagrid.evs.service.EVSSourceSearchParams,code,This attribute represents a valid Atom code in the Meta Thesaurus,NCI Concept Atom,NCI Concept Atom,PropertyQualifier1,C42757,"In the NCI Thesaurus an atom consists of a term string, a term type, a term source, and an optional term code.  They can be thought of as synonyms or alternative valid forms of a particular concept. This information resides in the property FULL_SYN.",NCI,,1
Logical View.Data Model.Logical Model.gov.nih.nci.cagrid.evs.service.EVSSourceSearchParams,sourceAbbreviation,This attribute contains a valid abbreviation of Source available in Meta Thesaurus,Abbreviation,Abbreviation,Property,C42610,A shortened form of a word or phrase.,NCI,,1
Logical View.Data Model.Logical Model.gov.nih.nci.cagrid.evs.service.EVSSourceSearchParams,sourceAbbreviation,This attribute contains a valid abbreviation of Source available in Meta Thesaurus,Source,Source,PropertyQualifier1,C25683,Where something is available or from where it originates.,NCI,,1
Logical View.Data Model.Logical Model.gov.nih.nci.cagrid.evs.service.DescLogicConceptVocabularyName,Logical View.Data Model.Logical Model.gov.nih.nci.cagrid.evs.service.DescLogicConceptVocabularyName,This class will contain the input parameters used by caCORE EVS API to retrieve Description Logic vocabulary names,Name,Name,ObjectClass,C42614,The words or language units by which a thing is known.,NCI,,1
Logical View.Data Model.Logical Model.gov.nih.nci.cagrid.evs.service.DescLogicConceptVocabularyName,Logical View.Data Model.Logical Model.gov.nih.nci.cagrid.evs.service.DescLogicConceptVocabularyName,This class will contain the input parameters used by caCORE EVS API to retrieve Description Logic vocabulary names,Vocabulary,Vocabulary,ObjectClassQualifier1,C43528,A listing of the words used in some enterprise.,NCI,,1
Logical View.Data Model.Logical Model.gov.nih.nci.cagrid.evs.service.DescLogicConceptVocabularyName,Logical View.Data Model.Logical Model.gov.nih.nci.cagrid.evs.service.DescLogicConceptVocabularyName,This class will contain the input parameters used by caCORE EVS API to retrieve Description Logic vocabulary names,Description Logic Concept,Description Logic Concept,ObjectClassQualifier2,C42717,A terminology concept modeled in a structured and formally well-understood way using logic-based semantics which can be given by a translation into first-order predicate logic.,NCI,,1
Logical View.Data Model.Logical Model.gov.nih.nci.cagrid.evs.service.DescLogicConceptVocabularyName,vocabularyName,"This attribute contains a valid Description Logic vocabulary name such as ""NCI_Thesaurus"", ""GO"", etc",Name,Name,Property,C42614,The words or language units by which a thing is known.,NCI,,1
Logical View.Data Model.Logical Model.gov.nih.nci.cagrid.evs.service.DescLogicConceptVocabularyName,vocabularyName,"This attribute contains a valid Description Logic vocabulary name such as ""NCI_Thesaurus"", ""GO"", etc",Vocabulary,Vocabulary,PropertyQualifier1,C43528,A listing of the words used in some enterprise.,NCI,,1
